{
  "metrics": {
    "matchCount": 3,
    "decisiveness": 202.66666666666666,
    "avgTurns": 152.66666666666666,
    "timeoutRate": 0.3333333333333333
  },
  "timestamp": "2026-05-20T01:56:06.843Z"
}